Year,McDonald
2006,2.8
2007,2.3529411764705883
2008,3.0172413793103448
2009,2.4705882352941178
2010,4.5
2011,2.667452830188679
2012,3.5
2013,2.379166666666667
2014,4.5
2015,2.0415094339622644
2016,1.956737941322725
2017,3.05